                  epoch,             train/loss,  metrics/accuracy_top1,  metrics/accuracy_top5,               val/loss,                 lr/pg0,                 lr/pg1,                 lr/pg2
                      1,                0.56008,                0.96364,                      1,                0.55733,              6.426e-05,              6.426e-05,              6.426e-05
                      2,                0.44202,                0.98182,                      1,                0.47974,              0.0001088,              0.0001088,              0.0001088
                      3,                0.36366,                      1,                      1,                0.44134,             0.00012506,             0.00012506,             0.00012506
                      4,                0.29281,                      1,                      1,                0.41073,             0.00011305,             0.00011305,             0.00011305
                      5,                0.25924,                      1,                      1,                0.40308,             7.2771e-05,             7.2771e-05,             7.2771e-05
